P04899	P81274	1
Q7Z333	O14744	1
P11940	Q86U42	1
O14744	P19387	1
O15145	O15144	1
O14786	P08648	1
P30307	P53350	1
O43752	O75379	1
Q86U42	Q09161	1
Q8NHZ8	Q13042	1
Q8NBW4	Q7L523	1
P32780	Q6ZYL4	1
Q14457	Q9H3D4	1
Q01831	P19447	1
Q9HCS7	O60306	1
O00311	Q9UBU7	1
O60306	Q9ULR0	1
Q14683	Q96FF9	1
P55072	Q13617	1
Q13889	P18074	1
P35269	P13984	1
Q13098	Q92905	1
Q15642	P42684	1
Q92600	Q9NZN8	1
Q9H9A5	Q9HCJ0	1
Q86WJ1	O60814	1
P20936	P09619	1
O00303	Q9UBQ5	1
O75081	O43439	1
P61956	P22460	1
Q7L2H7	O00303	1
Q8IWZ6	Q6ZW61	1
Q13451	P08238	1
Q9UKB1	Q15653	1
P41236	P36873	1
Q9H8V3	Q02241	1
O75586	Q13616	1
O75460	Q86TM6	1
Q13618	Q6PH85	1
Q9Y265	Q92993	1
Q01831	P32780	1
P53350	P60484	1
P33993	Q9BVW5	1
P35244	Q13156	1
Q7L2H7	O75822	1
P19387	Q9UL03	1
P06239	P06127	1
Q92797	Q9P2I0	1
P17301	P05556	1
P15927	P23025	1
Q9Y6D6	P36873	1
Q8NBW4	P21281	1
P37198	Q9Y6D6	1
P41182	Q86XK2	1
O95831	Q9UID3	1
P07947	Q9HCN6	1
Q4G0J3	P23193	1
P50613	P10275	1
P38398	P18846	1
P49336	Q71SY5	1
P02511	P42574	1
P29466	P58753	1
Q9NVH0	P38398	1
Q8NEB9	Q6ZNE5	1
Q15185	P08238	1
Q9Y676	Q9BZE1	1
Q9H3P2	P19387	1
Q96JG6	Q96AJ9	1
O00268	Q16514	1
Q13888	P19447	1
P38398	Q99728	1
P42345	Q9BVC4	1
O14497	P11388	1
Q02878	Q99558	1
P29466	O15553	1
O43303	P41002	1
Q00653	P41279	1
O95503	Q9HCE1	1
Q96S15	Q9NXC5	1
P60866	P62753	1
P51532	P35232	1
O15145	Q92747	1
Q14457	P98082	1
Q8WXX7	Q99496	1
Q9HCJ0	Q9NZN8	1
Q9Y5Q8	P42345	1
O96017	P53350	1
Q13616	O00221	1
P41229	P61244	1
Q15653	P52434	1
P08865	Q15046	1
Q14683	P78406	1
Q92993	P10275	1
O75822	O00303	1
Q99627	Q13098	1
Q13619	Q92466	1
Q99496	O43439	1
P42345	Q8WUA4	1
Q13888	P32780	1
Q00653	Q969H0	1
P38398	O75330	1
P17181	P29597	1
Q06124	Q14451	1
Q15648	P49336	1
Q99496	O00257	1
O75081	Q9GZV8	1
Q9UKV3	O00422	1
P36578	Q99558	1
Q9UHD9	Q16186	1
Q13616	Q9UKB1	1
Q7Z7H8	P52815	1
P27694	P15927	1
P42568	Q6P1J9	1
P28223	P32121	1
P61244	P50539	1
Q92841	Q8IU60	1
P32780	P19447	1
P05198	P19525	1
Q8TEK3	P55197	1
P55072	Q9UKV5	1
P10275	Q9UBL3	1
Q96GG9	Q93034	1
O75385	Q9H492	1
O43516	P42768	1
O95402	Q15648	1
Q9BSB4	Q9H492	1
P22607	P21802	1
Q96GD4	Q53HL2	1
Q9P289	Q9UKE5	1
Q9Y6B7	O43683	1
P01112	P15056	1
P10599	P40763	1
O14744	P24928	1
Q9Y468	P33993	1
Q00534	P55273	1
Q9UBV2	Q96CS3	1
P40189	P05231	1
Q8NBW4	P61421	1
Q96F86	Q9NPI6	1
Q9NPI6	Q7Z2W4	1
Q9NXC5	P58004	1
P14635	O75618	1
Q9GZQ8	O75385	1
Q9BQA1	P19387	1
Q14457	Q9H4G4	1
Q9Y468	P55072	1
Q13503	P63208	1
P40337	Q15369	1
Q00653	Q8NFZ5	1
P46777	Q9H0U6	1
Q9BPX5	P61158	1
Q9HC52	Q9HCE1	1
P53350	Q99741	1
Q9UBQ5	O75822	1
Q92552	Q9Y676	1
Q9H0F6	O14920	1
Q8NCD3	P06748	1
Q5VZM2	Q6IAA8	1
Q8TAQ2	Q01201	1
O15234	P38919	1
Q15382	P13693	1
P11940	Q9HCJ0	1
O95257	Q8IWY9	1
Q12824	Q01201	1
P35606	Q6NUQ1	1
P32239	P01350	1
Q9UJX5	Q9UJX6	1
P12830	P28827	1
Q14449	P01111	1
Q6IAA8	Q9HB90	1
Q13889	Q13888	1
Q92542	Q14118	1
Q6PH85	Q13619	1
O14920	Q9UKE5	1
Q14781	Q99496	1
P63208	Q969U6	1
Q9ULK4	P49336	1
O14980	Q9UPY3	1
Q92900	Q9Y5S9	1
O75909	Q9NYV4	1
Q9HC29	P29466	1
Q15291	Q9UBL3	1
O00203	O43683	1
Q7Z333	P24928	1
Q9Y265	P35398	1
P20248	Q9Y243	1
Q9BUL8	Q9Y6E0	1
P55884	O75821	1
Q9H1D9	O15318	1
Q9NPJ1	P50991	1
P30307	O14757	1
P01106	Q15393	1
Q00653	Q01201	1
P09619	P62993	1
P29474	Q05193	1
P78371	Q6ZW61	1
O60563	Q6PD62	1
P42345	Q15382	1
Q9NVC6	Q15648	1
P53618	P24390	1
O00221	P63208	1
O00571	Q00653	1
O75486	P61244	1
O94762	P19387	1
P23458	P17181	1
P11279	Q9Y2Q5	1
O15372	O75822	1
Q13616	P41002	1
P11166	P27824	1
P08238	P10275	1
Q8NBW4	Q9Y2Q5	1
Q86SE9	Q8WXX7	1
Q9BSJ6	Q16576	1
P51532	O14497	1
O15392	Q12931	1
P36578	P62753	1
Q9UJX5	Q9H1A4	1
P78371	Q8N3Y1	1
P23396	Q9H0U6	1
Q6PH85	P61081	1
P10275	Q03135	1
Q99496	Q9HC52	1
Q9BTM9	Q9UBU9	1
Q8TAD8	Q9NRR4	1
P01111	Q13322	1
P59998	Q9BPX5	1
P10275	P35269	1
Q6ZW61	P50991	1
Q9UBW8	Q92905	1
Q9NPJ1	Q8IWZ6	1
Q14145	Q86YC2	1
Q9UKE5	O43318	1
Q9HCE5	Q86U44	1
Q9H492	P20700	1
P20700	Q9BXW4	1
O00267	P24928	1
Q03468	P28715	1
Q08499	P32121	1
P53350	Q6PGQ7	1
P61254	Q9H6L5	1
Q13257	Q12834	1
P41182	P63208	1
P26196	Q9BTM9	1
Q38SD2	P53350	1
Q9Y262	P55884	1
Q9HB90	O75140	1
Q9BT78	Q969U6	1
O00221	Q9UKB1	1
Q5XUX0	P63208	1
O75909	Q8N7H5	1
Q8N3Y1	Q13617	1
P61923	P53618	1
Q71SY5	Q15648	1
Q12996	Q6P1J9	1
P55072	O94888	1
Q71F23	P53350	1
Q86U42	Q92900	1
Q8IXW5	Q9NQG5	1
O75385	P04629	1
P52435	P19387	1
P38398	P17275	1
P30281	O94921	1
Q92830	O75529	1
Q9UNS2	Q9UBW8	1
P49368	Q6ZW61	1
Q9BUL8	O00506	1
Q9UJX5	Q9UJX4	1
P42684	Q13671	1
P01106	Q9Y230	1
Q9Y5N6	O43913	1
P37198	Q86VP6	1
Q9H8V3	Q9H0H5	1
P19387	P24928	1
Q9UJX5	Q9UJX3	1
P84085	Q86YS3	1
O14777	P33981	1
Q86WJ1	P15927	1
P49336	Q12772	1
O14965	Q6PGQ7	1
O60356	P35637	1
Q92945	Q9NRR4	1
Q04864	Q00653	1
P06127	Q00839	1
Q9BZI7	O15234	1
O60244	P49336	1
Q9Y230	P49450	1
Q96GG9	Q13620	1
Q02878	Q00653	1
P19447	P19387	1
P01579	P15260	1
Q15653	Q00653	1
Q99627	Q9BT78	1
P05107	P20702	1
Q7Z7C8	O00268	1
Q8N7H5	Q9NYV4	1
Q92542	P16066	1
P11388	P51532	1
Q8N201	P19387	1
Q15022	Q6ZN18	1
Q9H8V3	P12830	1
Q68CP9	P51532	1
P28715	P19447	1
P33240	Q6P1J9	1
P19387	Q8IXH7	1
P01374	P19438	1
Q9UKE5	Q9NYJ8	1
P20936	Q03135	1
P10275	O60341	1
P42574	P55212	1
P19388	Q00403	1
O00268	Q9NS37	1
P61956	P38398	1
P49368	Q8N3Y1	1
P01106	Q99741	1
P18074	Q6ZYL4	1
P62993	P23458	1
Q13153	P63000	1
P42336	P27986	1
O00422	Q15287	1
Q9H0H5	P12830	1
P30304	P14635	1
Q14738	P30307	1
P01574	P17181	1
P43489	P23510	1
P28715	P18074	1
P36578	P60866	1
Q9P2W9	A2RRP1	1
P19338	P05455	1
Q9H0D6	P24928	1
Q99496	Q86SE9	1
Q16576	Q8NCD3	1
P56192	O43324	1
Q5XUX0	Q13616	1
Q13616	Q969U6	1
O15144	P61158	1
Q9Y262	O75822	1
P51532	Q12824	1
Q92841	Q9NRR4	1
P10275	P49116	1
P06127	Q8NEB9	1
P61923	Q9Y678	1
O75140	Q12980	1
Q6UWZ7	P38398	1
Q8N3Y1	Q92526	1
Q9UNS2	Q99627	1
Q07011	P41273	1
P01563	P17181	1
P35244	P15927	1
Q6P2E9	Q9NPI6	1
Q9UJX5	Q12834	1
Q9H1D9	Q9BT43	1
O95271	Q9NWT6	1
O75533	O60306	1
P20333	P01374	1
Q6ZYL4	P19447	1
Q16576	Q92833	1
P42568	Q9HC52	1
Q13889	P19447	1
O15371	O00303	1
A2RRP1	P35606	1
P32881	P48551	1
P40189	Q06124	1
P19174	P21802	1
P29083	P32780	1
O43561	P62993	1
Q9H492	Q9H6L5	1
Q9BUI4	Q9BT43	1
P58005	Q96S15	1
Q13616	Q8N3Y1	1
P01106	O75478	1
O43264	P35606	1
Q9H6E5	P33240	1
Q92797	Q9H6E5	1
O60563	O94992	1
P50613	O00267	1
O43683	Q8NG31	1
Q92900	P61326	1
P11388	O14980	1
O43683	Q10567	1
P42677	P54132	1
P49336	O75448	1
O94776	Q9C005	1
Q8WXX7	Q8N488	1
P15692	O14786	1
Q04864	Q15653	1
P04180	P02647	1
P10599	P42574	1
Q9UBL3	Q9UPS6	1
P62753	Q9H0U6	1
Q8NBW4	Q5VZM2	1
Q9UID3	Q96AJ9	1
Q9H1J1	Q9BZI7	1
Q96DE5	Q9UJX5	1
P43246	P52701	1
Q9BZI7	P61326	1
P61421	Q9Y2Q5	1
O75586	P36956	1
P50613	Q9BWU1	1
P23193	P24928	1
P18074	P19447	1
Q9UHV7	P49336	1
O95639	Q6P1J9	1
Q8IU60	Q9NPJ4	1
P40227	Q8N3Y1	1
Q15648	Q9ULK4	1
P56962	Q9BV40	1
P01112	Q13671	1
Q96NB3	Q15393	1
Q9UQ84	P54132	1
O75460	Q13438	1
Q9BSB4	O75385	1
Q6ZW61	P17987	1
P23193	O60563	1
P05362	P20701	1
P43405	Q15349	1
A2RRP1	Q6NUQ1	1
P11831	P35269	1
Q13616	Q76N32	1
O95503	Q99496	1
Q7L5N1	Q13098	1
Q00653	Q01201	1
P29474	Q03135	1
O15372	Q9UBQ5	1
O15164	P21333	1
P33981	Q8NG31	1
O14965	O15392	1
Q96QK1	O75436	1
O43924	P36405	1
P09661	Q9HCS7	1
P63000	P19438	1
O75486	P01106	1
Q04864	O00221	1
Q9BSQ5	Q9BUL8	1
Q9UBQ0	Q96QK1	1
P41229	O75461	1
Q96RN5	Q12772	1
O43752	Q9UID3	1
Q92833	O75530	1
Q9C000	P19525	1
Q9NR30	Q9H0D6	1
P30876	P19387	1
P35568	P62993	1
Q14566	Q9Y468	1
Q9BSB4	Q9GZQ8	1
O15371	Q9UBQ5	1
P52434	P19387	1
Q02078	P61956	1
P53350	Q12888	1
Q92945	Q9UPY3	1
Q9NPI6	Q8IZD4	1
P17987	P04062	1
P42574	P10451	1
O76031	P21912	1
O43318	Q13451	1
Q9NPI6	Q92841	1
Q9H9A7	Q96E14	1
P53350	O43663	1
Q9C000	P29466	1
Q8N3Y1	P63208	1
P38919	Q9BZI7	1
P22460	P63279	1
Q03135	Q13322	1
O60341	Q9H0D6	1
O43504	Q9Y2Q5	1
Q9P0M6	Q15022	1
P35228	Q16186	1
P57058	P23528	1
Q9NVR2	P19387	1
O15160	P21333	1
Q92833	Q92800	1
Q7L2H7	O15372	1
Q9HC52	O15164	1
Q99627	P61201	1
P36578	Q9H0U6	1
O60244	Q15648	1
P60880	O14810	1
P53350	Q9H0H5	1
Q9UJX5	Q9BS18	1
O15318	Q9BUI4	1
Q14457	Q8NEB9	1
Q9BZE1	P52815	1
O15143	O15145	1
Q9BPX3	P37198	1
Q9BTM9	Q92900	1
P30281	Q00534	1
Q9NR30	Q9Y2X3	1
P35244	O00255	1
Q8N3Y1	P61758	1
Q9Y5N6	P17096	1
O14522	P40763	1
Q7L2H7	O15371	1
P17535	O00255	1
O15294	O95721	1
P49336	Q96RN5	1
Q9P2Y5	Q8NEB9	1
O75832	Q9NWT6	1
P19387	Q9Y5B0	1
O15371	Q9Y262	1
P19387	P35269	1
P63208	Q9UKB1	1
P61244	Q92830	1
Q96S15	Q9Y6P5	1
Q9Y265	P63279	1
P17181	P32881	1
P40189	P20809	1
Q9UNS2	Q9BT78	1
Q9Y5Q8	Q8WUA4	1
Q96RD7	P55210	1
P18428	P08571	1
P19387	Q00403	1
Q9Y262	Q7L2H7	1
Q9Y265	P10275	1
P19338	Q9Y6D6	1
P38919	Q92900	1
Q9UBL3	O15047	1
Q9UNS2	Q92905	1
P05556	P56199	1
P63208	Q76N32	1
O95402	Q9BTT4	1
Q6NUQ1	Q9P2Y5	1
Q9NPJ1	P17987	1
P21333	P05106	1
O15511	P61158	1
P06756	P05106	1
P41182	Q13616	1
P53618	Q9Y678	1
P20700	Q9GZQ8	1
O00255	Q00653	1
Q9Y676	P52815	1
Q96RN5	Q15648	1
Q9NY59	O75530	1
Q9Y468	P33992	1
Q9Y2Q5	Q6IAA8	1
P26358	Q8WTS6	1
Q9UBF8	O75154	1
Q9NPI6	Q9NPJ4	1
Q9H0H0	P19387	1
Q9H1D9	P05423	1
Q6P1J9	Q6PD62	1
O15511	P61160	1
Q9UNS2	P61201	1
Q8IY57	Q8WXX7	1
Q92600	Q9HCJ0	1
O15145	O15511	1
P24522	P28715	1
Q9ULQ0	Q9Y6E0	1
Q96RD7	P42574	1
Q6P1J9	P24928	1
Q9UJX5	Q13042	1
O15392	Q96GD4	1
P55197	P15884	1
P32780	Q92759	1
O15143	P61158	1
Q5FBB7	Q53HL2	1
O75396	Q13190	1
Q92800	Q15022	1
P41229	Q9Y468	1
Q99496	Q8N488	1
Q9H6L5	Q9GZQ8	1
P61201	Q92905	1
Q16514	Q7Z7C8	1
Q15750	O43318	1
O75385	Q9BXW4	1
P19387	P32780	1
Q9NQS7	O14965	1
P19338	P15923	1
Q9UMW8	P05161	1
P32780	Q13351	1
Q7L5N1	Q99627	1
O75909	Q6P1J9	1
O60356	P55036	1
Q9H0U6	P60866	1
P01374	Q06643	1
O75460	Q9UBV2	1
Q9NZN8	Q9H9A5	1
P20700	O95166	1
Q15653	Q13616	1
Q08945	P17947	1
Q13233	Q16543	1
Q92759	Q6ZYL4	1
Q92993	P35637	1
P08887	P05231	1
P52566	P55210	1
O94762	O15514	1
P82664	P52815	1
P35462	P21333	1
Q9UBV2	Q13438	1
O75385	Q9Y478	1
P01112	P30304	1
Q9NPI6	P26196	1
Q96LI5	Q9UIV1	1
O94888	Q13618	1
P59998	O15511	1
Q9GZV8	P61244	1
Q16576	Q17R98	1
O43889	O00268	1
Q12906	P14866	1
P63208	P41002	1
Q9Y230	Q9Y265	1
O95477	P21333	1
Q5FBB7	Q14683	1
O43303	P20248	1
P38398	O14867	1
Q9Y6E0	Q5VSL9	1
P42345	Q9H063	1
Q9Y2T1	P53350	1
Q96GG9	Q13618	1
P63279	Q02078	1
P61964	Q15291	1
Q13362	P62140	1
Q14457	Q9C0C7	1
Q9UBQ0	O75436	1
Q8IU60	Q9NPI6	1
Q7L7L0	Q86WJ1	1
P07602	P55072	1
Q6NZ36	Q9HB96	1
Q9UNP9	Q15428	1
P51946	Q92759	1
Q6PH85	Q13620	1
Q9UNP9	O60306	1
P55072	Q9UNZ2	1
Q9C0C7	Q8N122	1
O94762	P19388	1
Q7L5N1	Q92905	1
Q14457	Q6ZNE5	1
Q9Y2Q5	Q9HB90	1
Q9BTT4	P24863	1
O94776	O14980	1
Q9GZV8	Q99496	1
O43379	Q02241	1
P18074	Q13888	1
Q13888	Q92759	1
O95721	O43752	1
P35658	Q9UMR2	1
Q16795	Q9NTG7	1
Q96P16	Q8IXW5	1
Q16543	Q9UHD2	1
P38919	P61326	1
Q15648	Q93074	1
Q96CB8	P19387	1
Q8IWZ6	P49368	1
P26651	Q92841	1
P15923	O00268	1
Q15653	O14920	1
Q92636	Q9NPI6	1
Q8IWF2	Q13438	1
Q6P1J9	O60563	1
P54132	Q96E14	1
Q9NVC6	P49336	1
P35244	Q86WJ1	1
Q9BX63	P38398	1
Q04864	Q8NFZ5	1
Q9BRP8	P61326	1
Q9HC29	Q9C000	1
O43264	Q9P2W9	1
Q92900	P11940	1
Q8NCD3	Q9Y230	1
Q13153	P62424	1
P09651	P38919	1
P17096	Q13416	1
P62249	P57081	1
Q15750	Q9NYJ8	1
Q9P2W9	Q6NUQ1	1
Q8WUA4	Q8N122	1
O75586	Q12772	1
Q9BV40	O95721	1
Q5VZM2	Q9Y2Q5	1
O75533	Q96I25	1
P36954	O94762	1
Q96JM7	O75461	1
Q9UHB6	P12830	1
O75154	P84085	1
O15143	O15144	1
P62195	Q96EK4	1
P51532	Q01201	1
O43318	Q9NYJ8	1
Q9Y5S9	P38919	1
P55735	O94979	1
P63279	O00180	1
Q9BSI4	Q96AP0	1
O15144	P59998	1
Q92747	O15144	1
Q9C005	P61964	1
Q8N7H5	Q6P1J9	1
P11021	O75460	1
P20248	P31751	1
Q9UJX5	Q8NHZ8	1
P45973	O15164	1
Q6R327	P42345	1
P36956	Q15648	1
Q96FF9	Q5FBB7	1
Q13148	P22626	1
P24863	Q9BWU1	1
Q09161	P11940	1
O75379	Q9UID3	1
Q96LI5	Q9HCJ0	1
Q9UBW8	Q99627	1
P53350	P54132	1
Q99496	Q9HCE1	1
P10515	Q15120	1
P01374	P36941	1
O43439	P40763	1
P55072	O95155	1
P61326	O15234	1
Q86YC2	P38398	1
P16435	P99999	1
O95831	P36405	1
O94992	Q4G0J3	1
Q9Y6W5	P63000	1
P05556	P08648	1
Q9HB90	Q5VZM2	1
P17181	P48551	1
Q12772	Q15648	1
P62993	P21802	1
P29466	P01584	1
Q8NBW4	Q9HB90	1
O15372	P55884	1
Q969H0	P63208	1
P60484	Q93009	1
Q15648	Q9Y2X0	1
O14920	Q99558	1
O43264	Q9P2Y5	1
P49450	Q16576	1
Q13257	O43684	1
Q4G0J3	Q9NR30	1
O43264	A2RRP1	1
P24928	Q8IXW5	1
Q8N365	O15516	1
Q9H6L5	O95166	1
P49450	P06748	1
Q99627	Q92905	1
Q96P16	Q9NQG5	1
P27694	Q8TDG4	1
P78371	Q8IWZ6	1
P19387	P19388	1
Q92841	P49450	1
Q96NB3	O60306	1
Q9NWT6	P55273	1
P35462	Q9Y678	1
P10275	P21333	1
Q9BXC9	Q9NPJ1	1
O60341	P17542	1
Q16543	O43318	1
P35269	Q00403	1
Q15459	Q9UNP9	1
Q14997	P62333	1
P51665	P60900	1
P49450	Q9Y265	1
P54132	Q9H9A7	1
P27694	P23025	1
Q7L523	Q9Y2Q5	1
O00255	P15927	1
Q13472	Q96E14	1
P09661	Q12874	1
Q13416	Q9Y5N6	1
P40763	Q8WTS6	1
P48551	P01563	1
P15927	P22674	1
Q8N122	Q9BVC4	1
P55210	P55211	1
Q6IA86	O95163	1
Q9UDY8	O14920	1
O00422	Q9H307	1
P00519	Q03135	1
P42684	Q03135	1
Q16543	O14920	1
Q6R327	O43156	1
P23193	P19387	1
O96000	P28223	1
P41212	P63279	1
Q8N122	O43156	1
P49336	O95402	1
P19174	P43405	1
Q562F6	Q53HL2	1
Q6P1J9	Q8WVC0	1
P40763	P32119	1
Q13616	Q96GG9	1
P63208	Q15653	1
Q00653	Q15653	1
P42574	P55211	1
P15927	P49643	1
Q9UNN5	P55072	1
Q9NYV4	P24928	1
Q8NBW4	Q0VGL1	1
Q13496	Q96A65	1
Q9NQS7	Q96GD4	1
Q7L5N1	Q9UBW8	1
P50613	P24928	1
Q9NVC6	P19387	1
O15143	P61160	1
P24863	P49336	1
Q13618	Q8IWE4	1
O14965	O14920	1
Q15287	Q9UKV3	1
A5YKK6	Q9NZN8	1
Q15459	Q12874	1
P46821	Q9GZQ8	1
Q13617	Q6PH85	1
P46776	Q8IUF8	1
Q7L2H7	Q9UBQ5	1
Q9C0C7	O75385	1
Q8IWF2	Q9UBV2	1
P30876	Q99801	1
Q9BZI7	Q9HAU5	1
P38398	P11388	1
Q8WXX7	P61964	1
O14818	Q19T08	1
P05423	O15318	1
O15392	Q53HL2	1
Q9UJX2	Q9UJX5	1
P30876	O94762	1
O00303	P28223	1
P36956	P49336	1
Q9HAU5	Q9H1J1	1
Q9H7E2	P24928	1
O75448	Q15648	1
Q9BTM9	O95163	1
Q8NFZ5	P41279	1
O60356	Q9P2W9	1
Q13635	P14635	1
P39748	P57081	1
Q08945	Q7L7L0	1
P61326	Q9Y5S9	1
P36578	Q13233	1
Q12906	P22626	1
Q16740	O76031	1
Q13257	Q9UJX5	1
Q92905	Q9H9Q2	1
Q13620	O94888	1
P01106	Q16514	1
Q01201	P51784	1
P54727	P35998	1
Q9NPJ1	P48643	1
Q9BT78	Q7L5N1	1
Q53HL2	Q9NQS7	1
P19174	P09619	1
P36578	P46777	1
P78406	P52948	1
Q13156	P27694	1
P60900	P25789	1
P32119	P10599	1
P15884	Q8TEK3	1
Q15648	Q9UHV7	1
Q9BXC9	Q8IWZ6	1
Q9BX63	Q86YC2	1
P36956	Q96RN5	1
O14744	Q9BQA1	1
P18074	Q92759	1
Q13616	Q86XK2	1
Q9BPX5	Q92747	1
Q13573	P51151	1
Q9Y3B4	O75533	1
P24863	Q15648	1
Q92759	P19447	1
Q6P1J9	Q92797	1
P14778	P51617	1
Q96GD4	Q92993	1
P04198	P61244	1
Q6P1J9	Q9P2I0	1
P15056	P01111	1
Q15542	O00268	1
Q15382	O43924	1
Q9H3D4	Q13625	1
P43405	P40763	1
Q16576	P17542	1
P21781	P21802	1
Q9NYV4	Q6P1J9	1
P24928	O75909	1
P49336	Q93074	1
Q13576	Q15653	1
Q9P2Y5	Q14457	1
P78347	Q00653	1
P19338	P37198	1
Q6P2C8	P19387	1
P55265	Q92900	1
Q9Y2Q5	P21281	1
O94992	Q9NR30	1
Q13616	Q6PH85	1
O00255	P27694	1
P14598	P19878	1
P10275	P63279	1
Q9BZI7	Q92900	1
P58004	Q96S15	1
P24928	Q9UPY3	1
Q9H211	O14777	1
Q969U6	Q13098	1
P82664	Q9Y676	1
P21333	P49450	1
O15514	P19387	1
P62993	Q9UQC2	1
P48551	P01574	1
Q86VP6	Q13616	1
Q9UIV1	Q9HCJ0	1
P01106	P61244	1
O15160	Q15653	1
P61160	Q92747	1
Q00653	Q04864	1
Q7L523	Q9HB90	1
O15234	Q9Y5S9	1
O43439	Q9GZV8	1
P60484	Q19T08	1
O60341	P40763	1
Q15287	Q9H307	1
P45973	Q5FBB7	1
P06702	P05109	1
Q15007	Q9HCE5	1
P32780	P18074	1
Q9UBQ5	Q9Y262	1
P49368	P40763	1
O00303	Q9Y262	1
Q13153	P46776	1
Q9NYY3	P53350	1
P12830	Q13625	1
O15144	Q7Z6K5	1
Q8N7H5	O60563	1
Q00839	P49450	1
P41229	Q99496	1
O15143	Q9BPX5	1
P48643	Q6ZW61	1
Q92747	O15511	1
P19387	Q8WX92	1
Q9ULR0	Q15393	1
O14965	P38398	1
Q9UIV1	Q9NZN8	1
Q14457	Q99570	1
P53350	Q76N32	1
Q9C005	Q9UBL3	1
Q9Y6D6	P05455	1
Q13451	Q13233	1
P01106	Q99471	1
Q8IWE4	P61081	1
Q9HCN6	P46109	1
O75530	Q15022	1
Q6ZN18	O75530	1
P40337	P14866	1
O94776	Q9BSJ6	1
P55072	Q13619	1
O94776	Q17R98	1
P00558	Q9H9T3	1
Q9UQR0	Q93009	1
P61247	O15355	1
P05556	P06756	1
P42345	O75385	1
Q13617	Q96GG9	1
Q15172	P31314	1
Q13617	O94888	1
Q9GZQ8	Q14145	1
Q9UBL3	Q6P1J9	1
P38398	Q92547	1
Q6IAA8	Q7L523	1
Q92542	Q14126	1
P84090	Q9H0U6	1
Q9NQG5	P24928	1
P48551	P01563	1
P35244	P27694	1
Q16740	O15392	1
P55884	Q7L2H7	1
Q9UBV2	Q9Y385	1
P53350	O14965	1
Q00653	O00221	1
Q96SN8	O43379	1
Q86U44	Q15007	1
Q9H0F6	Q96EP0	1
Q13888	P28715	1
Q9P2I0	Q9H6E5	1
Q8N122	P42345	1
P43246	P20585	1
Q16543	Q14164	1
P13984	P19387	1
P32780	P28715	1
Q8IWE4	Q13616	1
Q13951	Q93034	1
Q6R327	Q9Y4R8	1
P23193	O94992	1
O95721	P56962	1
Q9BTP7	Q8IYD8	1
P62993	P10721	1
P23458	P40189	1
Q9BTT4	Q93074	1
P63000	Q9NYB9	1
Q03135	P19174	1
P49336	Q9Y2X0	1
Q9H211	Q9Y5N6	1
Q00653	P41279	1
O00303	P55884	1
P08138	P04629	1
Q16740	P21912	1
Q9C005	Q15291	1
P14778	P09619	1
Q7Z7C8	Q15542	1
P15923	P17542	1
O75909	Q6PD62	1
Q92833	Q6ZN18	1
Q16236	Q14145	1
O15372	O00303	1
Q92636	Q8IZD4	1
Q8N122	Q9HB90	1
P08514	P05106	1
Q15185	P42574	1
Q12931	P19438	1
Q9Y265	Q8NCD3	1
Q92747	P59998	1
Q13619	O94888	1
Q92747	P61158	1
Q0VGL1	Q9Y2Q5	1
Q13098	Q9UNS2	1
Q15369	Q93034	1
Q99496	Q8IY57	1
Q99558	Q16543	1
Q06547	Q9NWT6	1
P01106	P38398	1
Q9BTT4	O75448	1
Q92843	Q13625	1
Q9UID3	O95721	1
Q9H9A7	Q13472	1
Q92830	O75486	1
Q13416	O43913	1
P13747	Q03519	1
Q92993	P04198	1
Q6ZYL4	Q13888	1
Q9H1D9	Q9BUI4	1
P59998	O15143	1
A2RRP1	Q9P2Y5	1
A5YKK6	Q96LI5	1
Q92900	Q09161	1
Q13362	P36873	1
P17844	Q9NRR4	1
Q96JG6	O75379	1
Q7Z2W4	Q8IU60	1
P61956	Q9P0U3	1
Q99801	Q96KQ7	1
P49450	O00571	1
Q9H9Q2	Q9UNS2	1
Q15369	Q13951	1
P61160	O15144	1
P24928	O94762	1
O14965	O75330	1
Q9BUL8	Q9P289	1
Q9UFF9	Q9NZN8	1
Q8IZU3	P61956	1
Q96SN8	Q38SD2	1
Q01831	Q92466	1
Q07820	Q16611	1
Q8N122	O75385	1
Q92542	Q6EMK4	1
P05231	P08887	1
O15234	Q92900	1
O15144	O15511	1
Q15022	Q16576	1
P46109	P00519	1
Q92900	Q9HAU5	1
Q9Y4R8	Q8N122	1
P41229	Q96KQ7	1
Q9P2Y5	Q9P2W9	1
Q7L5N1	Q9UNS2	1
Q9BXC9	Q6ZW61	1
Q7Z7H8	Q9Y676	1
P08631	Q9HCN6	1
O00330	P09622	1
Q7L5N1	P61201	1
P49450	Q8NCD3	1
Q92542	Q6UX71	1
Q13616	O94888	1
Q9UID3	P20700	1
O00267	P19387	1
Q13153	P21333	1
P32121	P31751	1
Q9BPX5	P61160	1
Q12931	Q16740	1
A5YKK6	P26651	1
Q9NVC6	Q9BTT4	1
P29597	P40189	1
O43752	Q96JG6	1
Q9H9T3	Q6IA86	1
P42568	Q8TEK3	1
Q99558	Q00653	1
P10275	P51946	1
O75140	Q8WTW4	1
O15143	O15511	1
Q92830	P01106	1
Q6NUQ1	O43264	1
P27824	O95477	1
Q9ULR0	P09661	1
Q92905	Q9BT78	1
P54725	Q16186	1
P27986	P09619	1
Q14164	Q13451	1
Q76N32	Q9UKB1	1
Q15291	Q6P1J9	1
Q9UID3	Q96JG6	1
Q9Y262	O15372	1
Q99801	Q99496	1
Q9BVW5	Q14566	1
P10275	P38398	1
P30304	O14757	1
Q9BPX5	O15145	1
P02748	P07357	1
Q9P2Y5	P35606	1
P32927	P42336	1
Q9HC62	P61956	1
Q13617	P40337	1
Q6ZW61	Q9NPJ1	1
P22626	Q6NYC1	1
Q14566	Q9BRX5	1
O75529	P61244	1
O15144	Q9BPX5	1
Q14493	Q92900	1
P21333	P08514	1
Q9C0C7	P01106	1
P17844	P49450	1
Q15022	Q92833	1
Q96P16	P24928	1
Q96GN5	P01106	1
Q8IWY9	P24522	1
Q9Y4E5	P63279	1
O95760	P29466	1
P53350	O95251	1
O43504	Q8NBW4	1
Q8IWZ6	P50991	1
P36405	P62829	1
Q92552	P52815	1
Q9Y6W5	Q7L576	1
Q9UJX5	P60006	1
P61081	Q96GG9	1
Q8IWE4	Q13617	1
Q00839	P19174	1
P14866	P22626	1
P55884	Q9UBQ5	1
Q86XK2	P63208	1
Q9BXW4	Q9BSB4	1
P63000	Q7L576	1
P17987	Q8IWZ6	1
Q03135	Q9GZQ8	1
O15371	O15372	1
Q93034	Q6PH85	1
A5YKK6	Q9HCJ0	1
Q00653	O14920	1
O60563	P49336	1
O75081	P17542	1
P03956	P01033	1
P05556	P46109	1
O60934	Q14676	1
P38398	P17535	1
P51532	Q86U86	1
P18615	P19387	1
P55072	Q96CS3	1
Q86VP6	Q13620	1
Q15185	P55210	1
Q8NBW4	Q6IAA8	1
Q13618	Q86YC2	1
P78371	Q9NPJ1	1
O15294	Q9BTM9	1
Q04864	P41279	1
P52566	P42574	1
P35568	P27986	1
Q86YC2	P51784	1
Q92542	Q8NFT8	1
Q76N32	Q96SN8	1
P53618	P35462	1
P38919	Q9HCG8	1
P22607	P21781	1
Q9NPJ1	P49368	1
O75140	Q7L523	1
Q8N3Y1	Q99471	1
Q9UJX5	Q9NYG5	1
O60341	P35606	1
Q6ZYL4	Q13889	1
Q8N2W9	Q9P2H0	0
P61769	Q92959	0
Q8NHR9	P60709	0
Q02763	Q9Y5C1	0
Q12873	Q9P2H0	0
Q9NV88	Q10570	0
P18848	Q9H6S3	0
P41587	O60895	0
Q8TCT9	P04233	0
Q8TAU0	Q9UHR5	0
P12259	P01023	0
P01583	P00533	0
O15169	Q13485	0
P62879	Q9H9D4	0
P18847	Q16828	0
Q09472	P16070	0
P61769	Q07352	0
O75791	P22681	0
Q99547	Q9Y3B2	0
Q12962	Q6P1X5	0
Q14653	P05412	0
P18847	Q93096	0
P36915	Q9H9D4	0
P62879	Q9H6S3	0
Q96EV8	P48729	0
P18847	Q8TBX8	0
P49765	P35916	0
P42285	Q06265	0
Q12778	Q92574	0
O43395	O43447	0
P26641	Q9P2H0	0
Q9NPD3	Q96B26	0
P18848	P62879	0
O94906	Q6P2Q9	0
P17706	P31946	0
Q7L7X3	O60566	0
P41240	Q92730	0
Q92730	Q9H9D4	0
P51693	Q16891	0
P28360	Q04724	0
O15360	Q00597	0
Q8TBX8	Q9H9D4	0
P10398	Q07817	0
P84022	Q9UPN9	0
Q14192	Q9H6S3	0
P61769	Q13241	0
P12956	P16104	0
P18847	Q68DY1	0
P19784	Q13526	0
P25963	Q02535	0
P55854	Q5T3J3	0
Q96QF0	Q16384	0
O43541	Q9UPN9	0
P28749	Q13547	0
P31150	Q9H6S3	0
Q13586	Q13507	0
P17036	P36915	0
P41240	Q9UHR5	0
Q02535	Q9UDV6	0
O75446	Q06330	0
P49765	P35968	0
Q92990	P08069	0
Q8WXF8	Q13158	0
O15530	P56279	0
Q13541	Q8WVB6	0
O76064	Q15819	0
P51693	Q7L311	0
P21246	Q9P2H0	0
Q06265	Q9NQT4	0
Q9UBB5	Q9UJW3	0
Q9NQX6	Q9UH92	0
Q16828	Q92785	0
Q12873	Q9H213	0
P17036	Q92730	0
Q92730	Q9UHX1	0
P98066	P12645	0
P63244	P63096	0
P35609	Q9BYV2	0
Q06330	Q99708	0
P18848	Q8TBX8	0
P62258	Q92574	0
Q9Y2D8	O60224	0
P36915	P62879	0
Q15024	Q96B26	0
P18848	Q9UHX1	0
O60907	Q04724	0
P17036	Q9H6S3	0
P17036	Q9NQX6	0
P31150	Q9UHX1	0
P00746	P01024	0
Q02535	Q92785	0
O75175	P62879	0
Q04724	Q9BQ87	0
Q9NZM6	Q9Y3M2	0
O00238	P01137	0
P32241	P61769	0
Q8TF62	Q3MIR4	0
Q68DY1	Q9H6S3	0
Q9UM73	P21246	0
Q70SY1	Q9UHX1	0
P49763	P35968	0
Q9H9D4	Q9UHX1	0
Q13158	Q8IUC6	0
Q92785	Q9H9D4	0
P00709	Q9NNX6	0
P49459	Q9NW38	0
Q6EMB2	P03372	0
P10636	P49841	0
Q68DY1	Q9H9D4	0
P04234	P43403	0
Q06481	P04233	0
P62310	Q9Y4Z0	0
Q49AN0	Q9UKC9	0
P15531	Q00987	0
P61769	Q9Y5X3	0
P31150	Q70SY1	0
Q8TCT9	Q9Y6X1	0
O43395	P83876	0
P43351	Q9BXW9	0
P36915	Q9H6S3	0
P08621	Q01130	0
O00623	P28328	0
P61769	Q92619	0
Q16513	Q15418	0
O43623	Q13363	0
Q16828	Q92730	0
O43447	Q6P2Q9	0
Q13239	Q6PIZ9	0
Q9H9E3	Q9Y2V7	0
Q9BUZ4	P25942	0
P18848	Q16828	0
P80370	P46531	0
P06729	P13987	0
Q02535	Q9UHR5	0
O43290	Q15029	0
P17036	Q8TAU0	0
P23769	Q04724	0
P07358	P07360	0
P30260	P50750	0
Q9Y2L1	Q9Y3B2	0
P42285	Q9Y2L1	0
O75175	P25963	0
P18848	Q9NQX6	0
Q8WTW3	Q96MW5	0
Q8N8S7	Q9Y615	0
Q9Y613	P15153	0
Q9Y613	P60953	0
P83436	Q8WTW3	0
P41240	Q92785	0
P05783	P00747	0
P31150	Q9UH92	0
P07196	P51693	0
Q8NEU8	P20338	0
P63244	P50148	0
P06730	Q9HB40	0
Q14696	O94907	0
O15105	P31269	0
Q13309	Q49AN0	0
P34932	Q07812	0
Q92785	Q9H6S3	0
O75410	Q92831	0
P52292	P61769	0
P41240	Q8TAU0	0
Q92730	Q9NQX6	0
Q06265	Q96B26	0
Q8TBX8	Q92785	0
P31150	Q14192	0
P56589	Q92968	0
Q9Y4Y9	Q9Y4Z0	0
Q9H2S9	Q9UDV6	0
Q5JTD0	A5JSJ9	0
P62308	P62316	0
P24394	P35225	0
Q8TAU0	Q9H6S3	0
O43447	O75643	0
P18848	Q8TAU0	0
P04637	Q01105	0
P62877	Q15843	0
P09382	P35916	0
O75400	P07196	0
P31150	Q8TBX8	0
Q8WXW3	P24394	0
Q02535	Q16828	0
P18847	Q70SY1	0
P04792	Q9BUB5	0
O96011	Q9Y5Y5	0
Q09472	Q8NHW3	0
Q02535	Q8TAU0	0
P18848	Q68DY1	0
Q99459	Q9UBD5	0
O75175	Q8TBX8	0
Q13309	Q16526	0
Q9NV88	Q9UKF6	0
O75496	P49736	0
Q04637	Q32Q75	0
Q96JB2	Q9UP83	0
O00716	Q8TAK5	0
Q8TAU0	Q9H2S9	0
P83436	Q96JB2	0
Q9Y2D8	Q16384	0
Q9UDV6	Q9UHX1	0
P61769	P27797	0
P21917	Q53G59	0
P46934	Q9Y5X1	0
Q9H9D4	Q9UH92	0
Q92785	Q9UHR5	0
P27361	Q9BV47	0
Q05519	P08621	0
O14543	O60674	0
P25963	Q92785	0
P18848	Q02535	0
P25963	P36915	0
P31150	Q93096	0
Q13077	Q8TDR0	0
O96011	Q92968	0
P21246	P26641	0
P62879	Q9UHX1	0
P62879	Q16828	0
O14776	Q5T3J3	0
Q15942	P19544	0
O75175	Q14192	0
Q16891	Q9H213	0
P51965	P63165	0
Q6P2Q9	Q8WWY3	0
Q14192	Q92730	0
O15379	Q99814	0
P35222	P62136	0
Q15329	Q8TAK5	0
O43542	O43543	0
P51677	P10147	0
O14746	P61769	0
Q70SY1	Q9H6S3	0
P18848	Q92730	0
O14776	Q9H213	0
Q96B97	Q92956	0
P24385	P49736	0
P17036	Q93096	0
O75175	Q9NQX6	0
O75771	Q9BXW9	0
Q70SY1	Q9UH92	0
O75175	P18848	0
Q8WXF8	Q14790	0
Q96Q05	Q9Y6K9	0
P42285	Q15024	0
O00628	O60683	0
O43542	O75771	0
P18847	Q9UH92	0
Q14746	Q9UP83	0
P21246	Q7L311	0
O43395	Q9BUQ8	0
P62879	Q92785	0
O43172	O75643	0
P35222	P35638	0
Q14746	Q96MW5	0
Q13485	Q92793	0
P17036	Q70SY1	0
P31273	Q15796	0
O60936	Q07955	0
P17036	P25963	0
P51693	Q12873	0
Q92698	Q9BXW9	0
P19793	Q96RL1	0
Q49AN0	Q8NEZ5	0
P62879	Q6Y2X3	0
P25963	P41240	0
P09132	P49458	0
Q96RE7	Q05516	0
P62873	Q6Y2X3	0
Q8TAU0	Q92785	0
Q07021	Q13952	0
Q14526	P51531	0
P04792	Q14152	0
P36894	P22004	0
Q92990	P06213	0
P63244	P04637	0
P41240	Q70SY1	0
P35226	P61077	0
O00628	Q92968	0
Q68DY1	Q70SY1	0
Q16891	Q9UKY1	0
O15350	Q76N89	0
P04141	Q6NSJ8	0
P84022	Q01094	0
P61769	O75638	0
P61769	Q9BZL6	0
P30154	Q15173	0
P51693	Q8N2W9	0
Q9H213	Q9UKY1	0
Q9UKG1	P51149	0
P28482	Q8TAX0	0
Q8N668	Q762B6	0
P67775	Q92572	0
O75175	Q68DY1	0
P22736	Q14686	0
Q8IUD6	Q7Z434	0
Q49AN0	Q9UKT4	0
Q93096	Q9NQX6	0
Q16526	Q9Y297	0
O96020	P49736	0
Q9H2S9	Q9UHX1	0
P62879	Q70SY1	0
Q8TAU0	Q9UHX1	0
P10909	Q504U8	0
Q06265	Q9Y3B2	0
P31269	Q15796	0
P24588	Q08209	0
Q9Y333	Q9Y4Y9	0
Q6EMB2	P37231	0
P36915	Q92785	0
P15509	P08700	0
Q7L311	Q9UKY1	0
Q16828	Q8TAU0	0
O60683	P56589	0
Q99576	O43524	0
P83876	Q6P2Q9	0
O60716	P35221	0
P01100	P35452	0
P06400	Q96ST3	0
P61626	Q9NNX6	0
P25963	Q9UHR5	0
P07911	P01375	0
P49763	P35916	0
P28328	P56589	0
P02545	P49069	0
O94907	P04628	0
P17036	Q16828	0
Q03405	P27701	0
Q6EMB2	P10828	0
Q14192	Q8TAU0	0
Q9H6S3	Q9UDV6	0
P06400	Q9NX02	0
P04637	P56597	0
P33176	Q96EK5	0
O00623	Q9Y5Y5	0
Q07326	P35968	0
P09382	P17948	0
Q5T3J3	Q9H213	0
P22455	P09038	0
Q96JB2	Q96MW5	0
Q93096	Q9H6S3	0
O15169	Q99717	0
Q9NRA1	P17948	0
Q02535	Q9H6S3	0
P18847	P41240	0
Q92574	P46527	0
Q8N6C5	P05111	0
Q32MZ4	Q9UJU2	0
Q16526	Q8NHM5	0
Q92785	Q9UHX1	0
Q6P2Q9	Q9BUQ8	0
O14640	P49841	0
Q93096	Q9UHR5	0
Q8TAU0	Q9UH92	0
Q9UPT6	P05067	0
P31150	Q68DY1	0
Q9NV70	P61586	0
P62879	Q9UH92	0
Q68DY1	Q9UHR5	0
P07948	P17252	0
O43353	Q5XLA6	0
O14776	P55854	0
P18847	Q92730	0
P62306	P62308	0
P49207	P06493	0
Q9H2S9	Q9UH92	0
Q92844	Q9BYM8	0
P49815	Q13309	0
O75175	Q16828	0
P07910	P61769	0
P31150	Q9H2S9	0
O75190	P17661	0
Q93096	Q9UH92	0
Q92769	Q06587	0
Q16526	Q9UKT4	0
Q70SY1	Q9H2S9	0
Q13571	Q6PIZ9	0
P04141	P26951	0
P08621	Q02040	0
P21246	Q5T3J3	0
P46108	Q9H2B2	0
P01286	P20396	0
Q9H6S3	Q9UHR5	0
P84022	Q08999	0
O15105	Q13363	0
Q15466	Q92786	0
P18848	Q70SY1	0
P27348	P31749	0
P43627	P61769	0
P16333	P00533	0
O15105	Q9UPN9	0
Q9ULX6	P13861	0
Q06265	Q5RKV6	0
P18847	P62879	0
Q9Y613	P61586	0
O75400	Q5T3J3	0
P26641	Q16891	0
Q9UKG1	P62491	0
P31150	Q9H9D4	0
Q9NZQ7	P10747	0
Q9Y6X2	P42224	0
P21246	Q9UKY1	0
Q8TBX8	Q9UH92	0
P83436	Q14746	0
Q8WXF8	Q92851	0
P12956	P46063	0
Q8WTW3	Q9UP83	0
O95983	Q9UJW3	0
P35222	P14625	0
Q02040	Q01081	0
O15116	O95777	0
P62879	Q9NQX6	0
Q15910	Q9BQ52	0
O60936	P84103	0
Q13642	Q5TD97	0
Q68DY1	Q9H2S9	0
O15105	P31273	0
O43172	Q15029	0
O95777	Q9Y4Y9	0
P31150	Q92730	0
Q13485	Q9HAU4	0
Q15029	Q8WWY3	0
Q8TEW0	P53667	0
Q15819	Q96FW1	0
P36894	Q13705	0
Q8TBX8	Q9H6S3	0
P42771	Q9UBD5	0
P54826	P55957	0
O14640	P35222	0
P00915	P02730	0
Q92769	Q9BQ52	0
Q16526	Q8NEZ5	0
P01135	Q969G9	0
P63165	Q9Y2Q3	0
O14776	P26641	0
P60891	Q92793	0
Q13133	Q96RL1	0
Q16526	Q9Y2K7	0
P15172	Q01105	0
P07766	P43403	0
Q15797	Q9UM13	0
O60716	P14923	0
Q5RKV6	Q9Y2L1	0
P41240	Q9NQX6	0
P11802	Q9UBD5	0
P41240	Q9UH92	0
P18847	Q8TAU0	0
P43357	P61769	0
Q15024	Q9Y2L1	0
O15530	O95988	0
Q8N5F7	Q13546	0
P18848	Q9UHR5	0
P37840	P43004	0
P41240	Q9UHX1	0
Q96QF0	O60224	0
Q9NQT4	Q5RKV6	0
P20338	P21731	0
P09471	O00167	0
Q08999	Q15796	0
P49736	Q13415	0
P01116	Q7L099	0
P01730	P01857	0
P05121	P02751	0
Q6Y2X3	Q9HAV0	0
O60683	O75192	0
P19544	P61769	0
P62308	P62314	0
P62312	Q9Y4Z0	0
P35590	Q9Y5C1	0
P25100	P41220	0
Q8N6C5	P09529	0
Q12933	Q8TDR0	0
O43739	P10276	0
A0A5B9	P61769	0
P68400	P17480	0
P17036	P41240	0
P31150	P62879	0
P61073	P01303	0
P17036	Q9H9D4	0
P01019	P12821	0
P06703	P23297	0
Q7L3B6	P04049	0
P07196	P26641	0
P03973	Q9NNX6	0
P27361	Q49A26	0
P60228	Q8IUI8	0
P21246	P55854	0
P22681	Q6PIZ9	0
O60784	O95405	0
O75643	Q9BUQ8	0
P15976	Q05513	0
P04792	P60842	0
P24385	Q9UBD5	0
O43395	Q6P2Q9	0
O75400	P55854	0
P36894	P01137	0
P36915	Q92730	0
O43290	Q6P2Q9	0
Q01094	Q06546	0
O00482	Q96EB6	0
Q9BQY9	P48729	0
Q96RJ3	O75888	0
P18847	Q9H2S9	0
O75376	Q92786	0
P17980	Q16143	0
O43395	Q15029	0
P28328	Q9Y5Y5	0
P45983	Q49A26	0
O75192	P56589	0
P34925	P55196	0
P45983	Q9BUB5	0
P36915	Q8TAU0	0
Q8TAU0	Q92730	0
P62879	Q8TAU0	0
P18847	P25963	0
P61769	Q13126	0
Q9H6S3	Q9UH92	0
Q12962	Q15544	0
P62826	Q7L099	0
Q5T3J3	Q9UKY1	0
Q16513	Q99759	0
P25963	Q9NQX6	0
O60716	P35222	0
O60936	Q15424	0
P78352	Q05586	0
O00463	Q8TDR0	0
P17036	Q9UH92	0
Q13905	Q9UHJ6	0
O14776	P21246	0
P24666	P35590	0
O60260	P56524	0
P61769	Q86UW6	0
O14776	Q16891	0
O75192	O96011	0
O75175	Q8TAU0	0
P29965	P04003	0
Q9NPD3	Q9NQT4	0
P36915	Q02535	0
P51572	Q07812	0
P55854	Q7L311	0
O60683	Q9Y5Y5	0
P36915	Q9UHX1	0
P01589	P14784	0
Q16526	Q9UK97	0
P18847	Q92785	0
O75643	Q15029	0
P18847	P18848	0
P10828	Q92786	0
P42226	Q08211	0
P25205	P42224	0
Q49AN0	Q9UK97	0
P61769	Q9NPA0	0
P20023	O00459	0
O43395	O75643	0
P43355	P61769	0
P27348	Q01814	0
Q92558	Q9Y2A7	0
Q99575	Q96P20	0
O43395	Q8WWY3	0
P26641	P51693	0
P31150	Q9NQX6	0
O75175	P31150	0
P25963	P62879	0
P18848	Q93096	0
Q9Y613	P60763	0
O43290	O43447	0
Q99650	P15018	0
Q96B26	Q99547	0
O43929	P49736	0
O75175	P36915	0
O60423	Q3MIR4	0
O15116	Q9UK45	0
P18848	P31150	0
P14784	Q13261	0
Q96QF0	Q99909	0
P04637	Q13232	0
P40425	Q9BQG0	0
P35241	Q14185	0
Q68DY1	Q9NQX6	0
Q49AN0	Q9H469	0
P00749	P04004	0
Q16512	Q15418	0
P10827	Q92786	0
P07196	Q5T3J3	0
P31150	Q16828	0
Q8WUW1	Q9Y2A7	0
Q99547	Q9NPD3	0
Q9NQX6	Q9UHX1	0
Q05519	Q8WU68	0
P37275	Q13547	0
P10398	P10415	0
P61769	Q8WVV4	0
P23634	P63104	0
O00212	Q7L099	0
Q49AN0	Q9Y297	0
O15492	P25100	0
O75400	Q9P2H0	0
P31749	P31946	0
Q92730	Q9H2S9	0
Q969S8	Q9UBN7	0
O75419	P49736	0
P25963	Q9UHX1	0
O60832	O15360	0
O60683	Q92968	0
Q14192	Q70SY1	0
P28069	Q04724	0
P18848	Q9H2S9	0
P02730	P16157	0
Q96JB2	Q9H9E3	0
P17036	P31150	0
Q13868	Q9Y2L1	0
Q9H2S9	Q9UHR5	0
Q15628	O14763	0
P62258	Q01814	0
Q6EMB2	P10276	0
P31749	Q92574	0
P54826	Q92934	0
O14776	P07196	0
O60716	P60568	0
P02788	Q9NNX6	0
P60201	P61769	0
P01375	P00533	0
P43358	P61769	0
P61769	P78358	0
Q92769	Q15910	0
P00813	P27487	0
P40933	P01589	0
O43502	Q9BXW9	0
Q93096	Q9UHX1	0
P83876	Q15029	0
P51677	P13236	0
P06753	P60981	0
O00626	P51679	0
P84022	Q13547	0
P04003	P48023	0
P21246	Q16891	0
Q16828	Q9UHX1	0
P18848	Q9UH92	0
P42285	Q9NQT4	0
Q13347	Q04771	0
P21246	Q9H213	0
O14640	Q92574	0
O15315	O43542	0
Q8TAU0	Q93096	0
Q8TEQ6	Q8WXD5	0
P42285	Q9Y3B2	0
P09693	P43403	0
Q9NZQ7	Q9Y6W8	0
P24941	Q01094	0
P61019	Q7L099	0
P61769	P40967	0
O75400	Q9H213	0
P62879	Q92730	0
Q13242	Q16629	0
O75414	P04637	0
P33991	Q9UBD5	0
P51693	Q9H213	0
Q04771	P08476	0
Q16531	P62877	0
P42229	Q8TAE8	0
P63146	P63165	0
P05814	Q9NNX6	0
P23511	P20226	0
P23634	P27348	0
O14893	Q8TEQ6	0
P37023	Q13705	0
Q86UR1	Q15080	0
O75531	O43186	0
P31150	Q9UHR5	0
O15169	Q15797	0
Q8NEU8	P51149	0
P63167	Q7LDG7	0
P36915	Q70SY1	0
P62306	P62314	0
P09382	P35968	0
Q14209	Q8TAK5	0
Q16828	Q9H6S3	0
P51149	Q7L099	0
Q8IUI8	Q99613	0
O75192	P28328	0
P18847	Q9UHR5	0
P17036	Q8TBX8	0
Q15797	Q9UPN9	0
P02765	Q9Y6Q1	0
Q16828	Q93096	0
P07437	P09874	0
P25963	Q8TBX8	0
Q16828	Q9NQX6	0
P07196	Q9H213	0
Q16512	Q9Y2U5	0
P98170	Q13077	0
Q86XR8	P05230	0
Q92574	Q13309	0
P36915	Q9UHR5	0
Q49AN0	Q9Y2K7	0
O14776	Q7L311	0
P55196	Q9NYB0	0
O43353	P57730	0
O15116	Q9Y4Y9	0
Q9H2S9	Q9NQX6	0
Q9NPY3	P02745	0
P62879	Q9UHR5	0
P41240	Q9H9D4	0
Q70SY1	Q9H9D4	0
P10242	P04637	0
P23297	P31949	0
P51965	P61769	0
Q9GZX6	Q13651	0
P61769	P62318	0
O14776	O75400	0
Q15370	Q16665	0
Q13330	P25490	0
P17036	P18847	0
P16520	Q6Y2X3	0
Q8IYS3	Q92793	0
Q5RKV6	Q9NPD3	0
P08588	P24588	0
P60709	Q8NHL6	0
P37231	Q96RL1	0
P62879	Q9UDV6	0
P10276	Q92786	0
O95819	P62834	0
P49767	P17948	0
Q92785	Q9NQX6	0
Q68DY1	Q92730	0
O14776	Q9UKY1	0
O75360	Q04724	0
P38936	P49736	0
O75175	Q9UHR5	0
P31150	Q02535	0
O75175	Q9UH92	0
P25963	Q9H9D4	0
Q8IUC6	O00206	0
Q03405	P00749	0
O75791	Q07889	0
P41240	P62879	0
Q92730	Q93096	0
Q68DY1	Q9UHX1	0
P49023	Q9HBI1	0
P62877	Q13309	0
O75643	P83876	0
P04792	P23588	0
P33260	P61769	0
Q13347	P36897	0
P43403	Q6PIZ9	0
P60709	P61769	0
P01236	P62937	0
Q9UI95	Q9Y6D9	0
Q8NEU8	P62491	0
P25963	Q8TAU0	0
Q92968	Q9Y5Y5	0
O60313	Q7Z434	0
P17036	Q9UHX1	0
Q9H213	Q9P2H0	0
P31785	P01589	0
P27361	Q9H2B2	0
P18848	P36915	0
P13631	Q96RL1	0
O00628	O75192	0
Q96MW5	Q9H9E3	0
O43447	O94906	0
P18847	Q9H6S3	0
Q08117	Q13547	0
O00623	O75192	0
P35222	P34932	0
P02771	P61769	0
Q9H6S3	Q9UHX1	0
Q8TDR0	Q9Y4K3	0
Q6EMB2	P19793	0
O00628	P56589	0
Q70SY1	Q9NQX6	0
P15498	P29353	0
P48736	O00459	0
P59190	Q9UJ41	0
B7Z7I2	Q15596	0
O75175	Q70SY1	0
Q06609	Q9Y620	0
P43146	Q6ZVN8	0
P43403	P62837	0
P62312	Q9Y333	0
O75791	Q07666	0
P26641	Q8N2W9	0
P07196	P21246	0
Q9NZQ7	P16410	0
P26641	Q9H213	0
O75558	Q13643	0
Q07817	Q7Z434	0
P25963	P31150	0
P13725	P42702	0
B7ZLY4	P36888	0
P31269	P84022	0
Q68DY1	Q92785	0
Q06330	Q92769	0
P62879	Q68DY1	0
Q07699	Q9NY72	0
P18847	P36915	0
Q15019	Q16181	0
Q5TA45	Q10570	0
O60936	P62995	0
Q6ZVM7	Q7Z3T8	0
P55854	Q9UKY1	0
P50570	Q9UKW4	0
Q14186	P78396	0
P07196	Q7L311	0
P31150	Q92785	0
Q9H204	P26038	0
P25963	Q68DY1	0
Q6ZNK6	Q9Y4K3	0
O75400	P26641	0
O75175	Q92730	0
P25963	Q9UH92	0
Q5RKV6	Q99547	0
Q99626	P20226	0
P07196	P55854	0
Q9UH92	Q9UHX1	0
O43542	Q9BXW9	0
P31150	Q9UDV6	0
Q00526	Q9UBD5	0
Q07325	Q16570	0
O15304	Q9UBY5	0
Q14746	Q8WTW3	0
P04003	P25445	0
Q14186	P24941	0
O15111	Q96Q05	0
P63104	Q01814	0
P36915	Q68DY1	0
Q04771	P05111	0
P54826	P10415	0
P25963	Q70SY1	0
P26715	P61769	0
P02545	P31946	0
P56524	Q969S8	0
P61073	P10145	0
Q49AN0	Q8NHM5	0
P02545	P04792	0
O75175	P17036	0
P17036	P62879	0
P36871	P25815	0
Q13547	Q9UBP5	0
P54274	Q15554	0
O95149	P62826	0
Q92890	Q92575	0
O75400	Q7L311	0
O75190	P13647	0
P04150	Q92786	0
O43395	O94906	0
Q8TBX8	Q9UHR5	0
P18206	Q9HBI1	0
O60936	Q01130	0
P00403	P61769	0
Q8TBX8	Q9UHX1	0
P61769	P04626	0
O60936	P63162	0
O00623	Q92968	0
Q02535	Q93096	0
P49768	Q96IZ0	0
P04233	P46531	0
Q13586	Q9Y210	0
P42224	Q8TAE8	0
P06241	Q13291	0
O00628	O96011	0
O75400	P21246	0
P41240	Q93096	0
P63096	Q6Y2X3	0
P19838	Q01105	0
P28328	Q92968	0
Q5JTD0	Q07157	0
P26641	P55854	0
Q92786	Q9Y618	0
P18848	Q92785	0
P04156	Q9UM11	0
Q70SY1	Q8TBX8	0
P36894	P22003	0
O43194	Q9UBU3	0
P20963	Q6PIZ9	0
Q92785	Q9H2S9	0
P63104	Q92574	0
O60936	Q13247	0
P07437	Q04724	0
Q68DY1	Q93096	0
O43447	Q9BUQ8	0
Q14186	Q8TAK5	0
O75192	Q9Y5Y5	0
P02778	Q16570	0
P25963	Q14192	0
Q09028	Q9Y618	0
Q9H2X6	Q00987	0
Q06265	Q99547	0
P59190	Q15276	0
O00623	O75381	0
Q16828	Q9H2S9	0
Q7Z6M1	P51149	0
P00734	P02675	0
O15304	Q92633	0
P09132	P37108	0
P30305	P61769	0
P06730	Q9UKV8	0
Q16526	Q9UKC9	0
O00628	Q9Y5Y5	0
P06400	Q15796	0
Q5T3J3	Q7L311	0
Q9NQT4	Q9Y2L1	0
Q9Y4K3	Q14653	0
O94907	Q9BQB4	0
Q86T24	Q9P1Z0	0
Q02535	Q70SY1	0
O43447	Q53GS9	0
P43626	P61769	0
O75192	O75381	0
O96011	P28328	0
P31946	Q92574	0
P31785	Q13261	0
O75175	Q93096	0
Q92730	Q9H6S3	0
P41240	Q16828	0
P00533	Q96B97	0
Q02535	Q9NQX6	0
O15492	P35368	0
O75643	Q8WWY3	0
Q02040	P26368	0
Q15406	Q9Y618	0
Q14565	Q9BXW9	0
P06729	P09326	0
Q14192	Q8TBX8	0
Q9H6S3	Q9H9D4	0
Q92730	Q9UH92	0
P62879	Q93096	0
P01100	P21675	0
Q70SY1	Q8TAU0	0
Q96EV8	P48730	0
P12757	Q9HAU4	0
P42285	Q96B26	0
P54826	Q07812	0
P63165	Q12873	0
Q9UDV6	Q9UH92	0
P84103	Q02040	0
Q8IUD6	Q9BYX4	0
Q8TBX8	Q9H2S9	0
O75175	Q9UHX1	0
P30533	P05067	0
O00238	P22003	0
P31273	P84022	0
Q12962	P21675	0
O15169	P30153	0
O60566	P08700	0
Q02535	Q9H2S9	0
Q96EV8	P49674	0
Q13485	Q15583	0
P41240	Q68DY1	0
O75175	Q9H2S9	0
O43559	P61587	0
Q9NTI2	Q3MIR4	0
O75192	Q92968	0
Q5JTD0	Q9Y624	0
P42285	Q9NQT5	0
P31150	P41240	0
P04792	P06730	0
P35222	P10809	0
P55854	Q9H213	0
O14776	Q9P2H0	0
O15197	Q5JZY3	0
O75400	Q16891	0
P41240	Q9H2S9	0
O15315	Q9BXW9	0
Q9P0N9	P49815	0
Q06265	Q9Y2L1	0
Q15024	Q99547	0
P01857	P29460	0
P18847	P31150	0
O96011	P56589	0
Q16828	Q68DY1	0
Q92769	Q04206	0
Q93096	Q9H2S9	0
Q68DY1	Q9UDV6	0
P51693	P55854	0
O00401	Q9UHR4	0
O60716	Q9UBT7	0
P31947	Q92574	0
P17036	Q9UHR5	0
P01100	P49736	0
Q92785	Q9UH92	0
O43290	P83876	0
Q01130	Q02040	0
Q13075	Q9NR28	0
Q13347	P27037	0
P63244	Q04759	0
Q92769	P78364	0
P35222	P07900	0
P06241	P17252	0
O15492	P35348	0
O00623	P56589	0
O14775	Q6Y2X3	0
O75175	P41240	0
P25963	Q16828	0
Q13546	O00220	0
O75528	P10276	0
O00628	O75381	0
P17036	Q9H2S9	0
Q8TDR0	Q9BUZ4	0
Q68DY1	Q8TBX8	0
A6NIX2	O60663	0
Q13642	Q14192	0
P25963	Q9H6S3	0
Q9NPD3	Q9Y2L1	0
O14640	P48729	0
P05771	P06241	0
Q16828	Q70SY1	0
Q8N668	O00244	0
P84022	Q96ST3	0
P55854	Q16891	0
P10619	P61769	0
P0CG48	P61088	0
O95999	Q13489	0
P17036	P18848	0
P26038	Q92558	0
O60583	P28799	0
P62879	Q8TBX8	0
Q99497	Q9UBK2	0
Q14192	Q9UH92	0
P41587	O60894	0
Q99547	Q9NQT4	0
Q8WYQ5	Q9HAV4	0
Q8TAU0	Q8TBX8	0
Q9UJW0	Q04656	0
Q14746	Q9Y2V7	0
P42285	Q9NPD3	0
Q92785	Q93096	0
Q13485	Q9UM13	0
P40424	Q9BQG0	0
O60936	Q01081	0
Q9UBP5	Q92575	0
Q9UBW7	Q9UKL0	0
P41240	Q9H6S3	0
P26641	Q9UKY1	0
Q70SY1	Q9UHR5	0
P17036	Q92785	0
P62879	Q9H2S9	0
Q16254	Q8TAK5	0
P15514	Q969F2	0
P43004	Q15050	0
O75190	P14136	0
Q16513	P51812	0
Q9NR31	Q15797	0
P10415	Q96CV9	0
P33241	P61769	0
O00623	O96011	0
P35367	Q9UBB6	0
P35221	Q9UBT7	0
P36915	P41240	0
O60936	Q08170	0
Q13873	P12643	0
Q92730	Q9UHR5	0
Q01094	Q15796	0
Q8TBX8	Q9UDV6	0
P04003	P25942	0
P62879	Q14192	0
P06493	P24864	0
P19793	Q92786	0
Q08999	Q8TAK5	0
O75175	Q9H6S3	0
P18847	Q9UHX1	0
P08047	Q9Y294	0
P04626	O00459	0
P24941	Q9UBD5	0
Q15628	O00220	0
P36915	Q8TBX8	0
O95361	Q9ULZ3	0
P36915	Q9UH92	0
O60683	P28328	0
Q8TBX8	Q93096	0
Q15406	P48552	0
P02765	P07384	0
Q06609	Q9BXW9	0
Q16665	Q9Y6K9	0
P16104	Q8N423	0
Q8TBX8	Q9NQX6	0
P43004	Q9UJV9	0
O43543	Q9BXW9	0
Q9UBF6	P68400	0
Q12873	Q7L311	0
P50570	P52735	0
P47871	P61769	0
O75643	O94906	0
Q9P2H0	Q9UKY1	0
P18848	Q9H9D4	0
P51843	Q92786	0
P36915	Q16828	0
O60907	P09874	0
P18847	Q9H9D4	0
P36915	Q9NQX6	0
P06400	P84022	0
O75175	P18847	0
Q8WTW3	Q9Y2V7	0
P13010	P46063	0
Q9Y333	Q9Y4Z0	0
P61769	P01850	0
Q16828	Q9H9D4	0
P11473	Q96RL1	0
O75446	Q96QT6	0
P51449	Q96RL1	0
P36915	Q9H2S9	0
P25963	Q92730	0
Q68DY1	Q9UH92	0
P15559	Q00987	0
P24941	P49736	0
P61769	Q16655	0
Q14192	Q16828	0
P49848	Q15545	0
P41240	Q8TBX8	0
P16104	P61769	0
Q16512	P51812	0
P27918	P08174	0
O75175	Q9H9D4	0
Q9H2S9	Q9H9D4	0
P61587	Q8WU20	0
P26641	Q5T3J3	0
Q16828	Q9UHR5	0
Q12962	Q16594	0
Q8TEQ6	Q9H840	0
Q7L311	Q8N2W9	0
O75674	Q7Z3T8	0
Q8TBX8	Q92730	0
Q92730	Q92785	0
Q70SY1	Q92785	0
Q99547	Q9Y2L1	0
Q16828	Q8TBX8	0
Q06330	Q06587	0
P13569	P35523	0
O75381	O96011	0
Q68DY1	Q8TAU0	0
P31150	Q8TAU0	0
Q16828	Q9UH92	0
Q93096	Q9H9D4	0
P14921	Q92793	0
P18847	Q9NQX6	0
P24588	P63098	0
Q7L311	Q9H213	0
Q96JB2	Q9Y2V7	0
P05771	P12931	0
P00734	P02671	0
Q13330	Q00688	0
P14373	P17612	0
P18848	P41240	0
P17036	Q68DY1	0
P07196	Q9UKY1	0
Q6EMB2	Q92731	0
P61769	P01848	0
P34741	P05230	0
Q03167	Q15942	0
P01308	P61769	0
Q16891	Q7L311	0
O00238	P22004	0
P25963	Q93096	0
P04150	P22087	0
O75175	Q9UDV6	0
P00918	P40879	0
O60885	P12004	0
O75175	Q92785	0
P61769	Q01668	0
O75376	Q15466	0
P55089	Q13324	0
Q13077	Q96CA5	0
P00973	Q9UIS9	0
P08069	P08133	0
P26641	Q7L311	0
P61073	P55209	0
Q9NQT4	Q15024	0
P48995	Q9UBN4	0
